EVENT_DATE,Res_Ollama
2025-08-31,El pozo AKACIAS-98 dejo de producir unos 741 barriles debido a una falla mecánica.  Asimismo, los pozos CHICHIMENE-108 y 128 sufrieron pérdidas de cerca de 534 y 848 barriles, respectivamente, por fallas eléctricas.
2025-09-01,El pozo AKACIAS-98 dejo de producir unos 741 barriles debido a una falla mecánica.  Asimismo, los pozos CHICHIMENE-108 y 128 sufrieron pérdidas de cerca de 534 y 848 barriles, respectivamente, por fallas eléctricas.
2025-09-02,El pozo AKACIAS-98 dejo de producir debido a una falla mecánica, mientras que el pozo FLORENA A-5PW cerró la instalación de los tie-ins A y B en locación.  Por último, el pozo CHICHIMENE-108 sufrió una falla eléctrica que provocó la interrupción de su producción.
2025-09-03,El pozo GIBRALTAR-1 se detuvo por una reparación del gasoducto realizada por Promioriente, dejando de producir alrededor de 602 barriles.  Los pozos CHICHIMENE-108 sufrió una falla eléctrica, deteniéndose la producción de cerca de 534 barriles, y la parada de la planta EC3-EC2 también causó la interrupción de la producción.
2025-09-04,En el pozo CASTILLA-14 se realizó un mantenimiento general debido a la ADA-7255 del Stap 2 EC2. AKACIAS-139 está en espera de rediseño de su SLA, sin que haya habido fallas. Finalmente, los pozos CHICHIMENE-108 dejaron de producir alrededor de 534 barriles por una falla eléctrica.
2025-09-05,En el pozo CASTILLA-14 se realizó un mantenimiento general debido a la ADA-7255 del Stap 2 EC2. AKACIAS-139 está en espera de rediseño de su SLA, sin que haya habido fallas. Finalmente, los pozos CHICHIMENE-108 dejaron de producir aproximadamente 534 barriles por una falla eléctrica.
2025-09-06,En el pozo CASTILLA-14, se realizó un mantenimiento general debido a la ADA-7255 del Stap 2 EC2.  Asimismo, en CASTILLA-566 también se llevó a cabo un mantenimiento similar, y los pozos CHICHIMENE-108 experimentaron una falla eléctrica que resultó en la interrupción de la producción.
2025-09-07,En el pozo CASTILLA-14 realizaron un mantenimiento general debido a la ADA-7255 del Stap 2 EC2.  AKACIAS-98 tuvo problemas por sobrecarga en el VDF, y CHICHIMENE-108 dejó de producir por una falla eléctrica.
2025-09-08,En el pozo CASTILLA-14, se realizó un mantenimiento general debido a la ADA-7255 del Stap 2 EC2.  Asimismo, en CASTILLA-566 también se llevó a cabo un mantenimiento similar, y en CHICHIMENE-108 se detectó una falla eléctrica que provocó la interrupción de la producción.
2025-09-09,En el pozo FLOREÑA Ap-13P, se detuvo la producción por alrededor de 450 barriles debido a una falla eléctrica.  Además, los pozos CHICHIMENE-108 y los cuatro asociados al Cumanday-0005HST3, dejaron de producir por fallas eléctricas y paros no programados.
2025-09-10,En el pozo CASTILLA-14, se realizó un mantenimiento general debido a la ADA-7255 del Stap 2 EC2.  Asimismo, en CASTILLA-566 también se llevó a cabo un mantenimiento similar, y en CHICHIMENE-108 se detectó una falla eléctrica que provocó la interrupción de la producción.
2025-09-11,En el pozo CASTILLA-14 se realizó un mantenimiento general debido a la ADA-7255 del Stap 2 EC2.  AKACIAS-98-ST1 tuvo problemas con un PLC y un VSD, lo que resultó en una falla del modulo. Finalmente, los pozos CHICHIMENE-108 sufrieron una falla eléctrica, perdiendo producción.
2025-09-12,En el pozo CASTILLA-14, se realizó un mantenimiento general debido a la ADA-7255 del Stap 2 EC2.  Asimismo, en CASTILLA-566 también se llevó a cabo un mantenimiento similar, y en CHICHIMENE-108 se detectó una falla eléctrica que provocó la interrupción de la producción.
2025-09-13,En el pozo CASTILLA-14 realizaron un mantenimiento general debido a la sustitución de la ADA-7255 del Stap 2 EC2.  Además, el pozo CHICHIMENE-108 dejó de producir por una falla eléctrica, y NUEVA ESPERANZA-1 no presenta aporte en superficie.
2025-09-14,En el pozo CASTILLA-14, se realizó un mantenimiento general debido a la ADA-7255 del Stap 2 EC2, y en CASTILLA-566 también se llevó a cabo un mantenimiento similar.  Por otro lado, el pozo NUEVA ESPERANZA-1 dejó de producir por completo, sin detectar aporte en superficie.
2025-09-15,En el pozo CASTILLA-14 realizaron un mantenimiento general debido a la ADA-7255 del Stap 2 EC2. Por otro lado, el pozo CHICHIMENE-108 estabilizó la producción a 50 Hz con fondo ALK, y NUEVA ESPERANZA-1 dejó de producir por completo.
2025-09-16,El pozo PAUTO SUR Cp10W dejó de producir alrededor de 565 barriles debido a un retorno al CPF de Floreña.  NUEVA ESPERANZA-1 no aportaba nada a la superficie, y CAÑO SUR ESTE-0506H estuvo fuera de operación por una falla en el equipo de fondo.
2025-09-17,“El pozo AKACIAS-139 dejó de producir alrededor de 662 barriles debido a un problema, mientras que en AKACIAS-77 también hubo bloqueos en las zonas de Araguaney y Monterey.  Por último, el pozo NUEVA ESPERANZA-1 no entregaba nada en la superficie.”
2025-09-18,“El pozo AKACIAS-139 dejó de producir alrededor de 662 barriles debido a un bloqueo en las zonas de Araguaney y Monterey.  Asimismo, el pozo AKACIAS-77 también tuvo interrupciones de producción de aproximadamente 619 barriles, y NUEVA ESPERANZA-1 no entregaba aporte a la superficie.”
2025-09-19,El pozo CASTILLA-14 tuvo un mantenimiento general debido a la ADA-7255 del Stap 2 EC2, mientras que AKACIAS-139 dejó de producir alrededor de 662 barriles y NUEVA ESPERANZA-1 no presenta aporte en superficie.
2025-09-20,El pozo PACHAQUIARO-1 tuvo problemas de bloqueo que lo dejaron sin producir alrededor de 464 barriles, mientras que AKACIAS-139 sufrió de altos niveles de agua en la facilidad WTS, y NUEVA ESPERANZA-1 presentó una falla eléctrica en EBES, lo que resultó en una interrupción de la producción de cerca de 678 barriles.
2025-09-21,En el pozo CASTILLA-14 realizaron un mantenimiento general debido a la sustitución de la ADA-7255 del Stap 2 EC2.  Por otro lado, el pozo CASTILLA-320 tuvo que detener la producción por cambio de equipos en superficie, y NUEVA ESPERANZA-1 dejó de producir por una falla eléctrica en el EBES.
2025-09-22,El pozo PAUTO SUR Cp10W se cerró para orientarlo hacia el sur, preparatorio al Swap de línea 12.  Los pozos CASTILLA-14 y NUEVA ESPERANZA-1 sufrieron fallas eléctricas que provocaron la interrupción de la producción, perdiendo aproximadamente 447 y 678 barriles, respectivamente.
2025-09-23,El pozo FLORENA T-8 se detuvo por un trabajo programado para cambiar la tubería de inyección, mientras que PAUTO M-5 también se cerró por el mismo motivo. NUEVA ESPERANZA-1 sufrió una falla eléctrica que provocó la interrupción de la producción.
2025-09-24,El pozo PAUTO SUR CP-11 se cerró para alinearse al sur, preparatorio al Swap de línea 12.  Asimismo, PAUTO SUR Cp10W también se cerró para el mismo ajuste.  Por último, el pozo NUEVA ESPERANZA-1 dejó de producir debido a una falla eléctrica en EBES.
2025-09-25,El pozo AKACIAS-28 está en modo de espera para rediseñar el sistema EBES, sin que haya fallas. Los pozos CHICHIMENE-116 y NUEVA ESPERANZA-1 dejaron de producir debido a fallas eléctricas, perdiendo aproximadamente 496 y 678 barriles, respectivamente.
2025-09-26,“El pozo PAUTO SUR C-8 tuvo que cerrarse temporalmente para retornar al CPF Floreña. Además, los pozos CHICHIMENE-116 y NUEVA ESPERANZA-1 dejaron de producir debido a fallas eléctricas.”
2025-09-27,El pozo CHICHIMENE-116 dejó de producir debido a una falla eléctrica, mientras que NUEVA ESPERANZA-1 sufrió una pérdida de producción por sobrecarga y también presentó una falla eléctrica en EBES.
2025-09-28,El pozo CHICHIMENE-116 dejó de producir debido a una falla eléctrica, similarmente el pozo CHICHIMENE-163 perdió producción por un problema eléctrico, y finalmente el pozo NUEVA ESPERANZA-1 sufrió una falla eléctrica en EBES, resultando en una disminución de producción.
2025-09-29,El pozo AKACIAS-77 dejó de producir debido a un bloqueo por parte de terceros/comunidad, mientras que los pozos CHICHIMENE-163 y NUEVA ESPERANZA-1 sufrieron pérdidas de producción por fallas eléctricas.
2025-09-30,“El pozo AKACIAS-155 dejó de producir debido a un bloqueo por parte de terceros/comunidad, mientras que AKACIAS-77 también sufrió un cese de producción por el mismo motivo.  Asimismo, el pozo CHICHIMENE-163 se detuvo por una falla eléctrica.”
